origianal,Y0,storage,Y1
1,0,1,0
2,0.301029996,100,0.301029996
3,0.477121255,101,0.477121255
4,0.602059991,102,0.602059991
8,0.903089987,104,0.903089987
16,1.204119983,108,1.204119983
32,1.505149978,116,1.505149978
64,1.806179974,132,1.806179974
